City_ID,City,Country,Date,Lat,Lng,Max Temp,Humidity,Cloudiness,Wind Speed
0,Marsh Harbour,BS,2022-05-15 20:30:51,26.5412,-77.0636,80.36599999999993,68,7,2.89
1,San Luis,AR,2022-05-15 20:30:52,-33.295,-66.3356,55.11200000000002,30,5,5.18
2,Lavrentiya,RU,2022-05-15 20:30:53,65.5833,-171.0,32.233999999999924,79,42,5.29
3,Jamestown,US,2022-05-15 20:30:53,42.097,-79.2353,81.51800000000009,50,0,2.57
4,Yellowknife,CA,2022-05-15 20:30:38,62.456,-114.3525,54.122000000000014,35,75,5.66
5,Kapaa,US,2022-05-15 20:30:55,22.0752,-159.319,79.12399999999997,78,20,4.63
6,Pospelikha,RU,2022-05-15 20:30:56,51.95,81.7667,55.81400000000002,84,23,3.84
7,Hukuntsi,BW,2022-05-15 20:30:56,-24.0,21.75,69.512,28,100,1.25
8,Bambous Virieux,MU,2022-05-15 20:30:57,-20.3428,57.7575,73.65199999999999,94,75,4.63
9,Sola,VU,2022-05-15 20:30:58,-13.8833,167.55,80.34800000000001,73,100,7.02
10,Atuona,PF,2022-05-15 20:30:58,-9.8,-139.0333,78.27800000000008,77,12,7.81
11,Port Elizabeth,ZA,2022-05-15 20:30:59,-33.918,25.5701,62.88799999999998,97,0,3.09
12,Lagoa,PT,2022-05-15 20:31:00,39.05,-27.9833,59.75600000000003,90,100,14.72
13,Sisimiut,GL,2022-05-15 20:31:00,66.9395,-53.6735,31.244000000000028,59,3,3.91
14,Ponta Do Sol,PT,2022-05-15 20:31:01,32.6667,-17.1,70.43,80,5,1.86
15,Tokur,RU,2022-05-15 20:31:02,53.1333,132.9,28.363999999999976,83,100,1.27
16,Upernavik,GL,2022-05-15 20:31:02,72.7868,-56.1549,19.849999999999966,80,13,3.44
17,Mitsamiouli,KM,2022-05-15 20:31:03,-11.3847,43.2844,80.00600000000003,71,7,3.37
18,Airai,TL,2022-05-15 20:31:04,-8.9266,125.4092,58.910000000000025,93,21,0.69
19,Shingu,JP,2022-05-15 20:31:04,33.7333,135.9833,57.57800000000003,89,100,0.99
20,Albany,US,2022-05-15 20:31:05,42.6001,-73.9662,78.94400000000002,88,35,2.31
21,Cidreira,BR,2022-05-15 20:31:06,-30.1811,-50.2056,62.07800000000003,87,100,7.07
22,Korla,CN,2022-05-15 20:31:07,41.7597,86.1469,70.55599999999998,23,82,2.66
23,Bilgoraj,PL,2022-05-15 20:31:07,50.5411,22.722,53.65400000000005,79,7,1.8
24,Wucheng,CN,2022-05-15 20:31:08,29.6008,118.175,54.44599999999997,84,100,0.92
25,Tiksi,RU,2022-05-15 20:31:13,71.6872,128.8694,5.305999999999983,99,95,1.3
26,Souillac,MU,2022-05-15 20:31:13,-20.5167,57.5167,73.77800000000008,94,75,4.63
27,Luderitz,NA,2022-05-15 20:31:14,-26.6481,15.1594,70.73600000000005,31,28,2.37
28,Barrow,US,2022-05-15 20:31:15,71.2906,-156.7887,28.418000000000063,80,20,3.09
29,Saint-Philippe,RE,2022-05-15 20:31:15,-21.3585,55.7679,71.18599999999998,80,48,4.68
30,Vaini,TO,2022-05-15 20:31:16,-21.2,-175.2,75.36200000000002,69,40,3.09
31,Rikitea,PF,2022-05-15 20:31:17,-23.1203,-134.9692,76.964,72,64,8.5
32,Smithers,CA,2022-05-15 20:31:17,54.7804,-127.1743,57.523999999999944,44,75,2.57
33,Hermanus,ZA,2022-05-15 20:31:18,-34.4187,19.2345,59.414000000000044,76,0,4.32
34,Tezu,IN,2022-05-15 20:31:18,27.9167,96.1667,71.20400000000001,97,100,1.42
35,Namatanai,PG,2022-05-15 20:31:19,-3.6667,152.4333,79.71800000000002,75,87,1.14
36,Nemuro,JP,2022-05-15 20:31:20,43.3236,145.575,44.14999999999998,85,0,4.55
37,Emba,KZ,2022-05-15 20:31:20,48.8264,58.1442,54.82400000000001,82,98,1.97
38,Nishihara,JP,2022-05-15 20:31:21,26.1842,127.7558,65.47999999999996,88,100,7.72
39,Seoul,KR,2022-05-15 20:30:58,37.5683,126.9778,51.24199999999996,82,0,3.6
40,Bredasdorp,ZA,2022-05-15 20:31:22,-34.5322,20.0403,55.77800000000008,90,0,1.18
41,Jackson,US,2022-05-15 20:30:04,42.4165,-122.8345,73.79599999999999,58,0,2.57
42,Tilichiki,RU,2022-05-15 20:31:23,60.4667,166.1,35.29400000000004,90,100,3.17
43,Thompson,CA,2022-05-15 20:31:24,55.7435,-97.8558,37.56200000000001,93,100,4.12
44,Zeya,RU,2022-05-15 20:31:25,53.75,127.2667,34.71800000000002,56,98,3.05
45,Alexander City,US,2022-05-15 20:31:25,32.944,-85.9539,88.19599999999997,45,0,2.57
46,Waipawa,NZ,2022-05-15 20:32:26,-41.4122,175.5153,55.34600000000006,96,100,0.71
47,Kavieng,PG,2022-05-15 20:32:27,-2.5744,150.7967,81.22999999999996,70,100,1.92
48,Busselton,AU,2022-05-15 20:30:28,-33.65,115.3333,51.799999999999955,82,5,3.03
49,Huambo,AO,2022-05-15 20:32:28,-12.7761,15.7392,62.07800000000003,54,57,0.1
50,Ushuaia,AR,2022-05-15 20:32:29,-54.8,-68.3,49.65799999999996,50,75,5.66
51,Tasiilaq,GL,2022-05-15 20:32:30,65.6145,-37.6368,33.96199999999999,98,100,7.23
52,Fallon,US,2022-05-15 20:28:34,39.4735,-118.7774,85.44199999999995,12,40,3.6
53,Juneau,US,2022-05-15 20:32:31,58.3019,-134.4197,54.84199999999993,53,75,5.66
54,Carauari,BR,2022-05-15 20:27:56,-4.8828,-66.8958,79.37600000000003,84,100,0.55
55,Santa Maria,BR,2022-05-15 20:28:40,-29.6842,-53.8069,60.09800000000001,94,75,1.54
56,Hilo,US,2022-05-15 20:30:21,19.7297,-155.09,83.28199999999998,69,20,3.13
57,Weligama,LK,2022-05-15 20:32:33,5.9667,80.4167,79.23200000000003,88,76,5.72
58,Cherskiy,RU,2022-05-15 20:32:33,68.75,161.3,28.849999999999966,81,81,3.3
59,Bandarbeyla,SO,2022-05-15 20:32:34,9.4942,50.8122,81.71599999999995,85,26,9.34
60,Swan River,CA,2022-05-15 20:32:35,52.1058,-101.2676,51.69199999999995,54,99,6.69
61,Priyutovo,RU,2022-05-15 20:32:35,53.9,53.9333,49.855999999999995,92,100,3.71
62,Porto Novo,BJ,2022-05-15 20:32:36,6.4965,2.6036,84.02000000000004,82,66,2.42
63,New Norfolk,AU,2022-05-15 20:32:37,-42.7826,147.0587,47.912000000000035,81,56,0.89
64,Balloch,GB,2022-05-15 20:32:37,56.0,-4.5833,60.656000000000006,48,92,7.72
65,Torbay,CA,2022-05-15 20:32:38,47.6666,-52.7314,39.27199999999999,76,20,6.17
66,Chor,PK,2022-05-15 20:32:39,25.5167,69.7667,83.73200000000003,62,0,9.38
67,Port Alfred,ZA,2022-05-15 20:32:40,-33.5906,26.891,59.18000000000001,92,0,5.3
68,Iqaluit,CA,2022-05-15 20:30:11,63.7506,-68.5145,28.129999999999995,74,100,7.2
69,Puerto Ayora,EC,2022-05-15 20:32:41,-0.7393,-90.3518,85.964,92,77,0.89
70,Punta Arenas,CL,2022-05-15 20:28:05,-53.15,-70.9167,46.50799999999998,71,0,3.6
71,Faanui,PF,2022-05-15 20:32:42,-16.4833,-151.75,80.29400000000004,67,43,2.79
72,Kavaratti,IN,2022-05-15 20:32:43,10.5669,72.642,81.392,79,100,7.83
73,Namwala,ZM,2022-05-15 20:32:44,-15.7504,26.4384,57.50600000000003,62,0,2.01
74,Margherita,IN,2022-05-15 20:32:44,27.2833,95.6833,71.81599999999997,97,100,0.7
75,Kaitangata,NZ,2022-05-15 20:32:45,-46.2817,169.8464,43.483999999999924,92,11,1.86
76,Bose,IT,2022-05-15 20:32:46,45.4612,8.0137,67.20799999999991,86,80,2.43
77,Lompoc,US,2022-05-15 20:29:07,34.6391,-120.4579,69.94400000000002,81,100,8.05
78,Huarmey,PE,2022-05-15 20:32:47,-10.0681,-78.1522,68.98999999999995,71,87,3.92
79,Flin Flon,CA,2022-05-15 20:32:48,54.7682,-101.865,42.63799999999998,65,100,5.14
80,Jiuquan,CN,2022-05-15 20:32:48,39.7432,98.5174,47.012,15,38,1.42
81,Charleville-Mezieres,FR,2022-05-15 20:32:49,49.7667,4.7167,61.843999999999994,89,43,2.44
82,Kalininsk,RU,2022-05-15 20:32:50,51.5,44.4758,46.057999999999936,94,14,3.42
83,Mar Del Plata,AR,2022-05-15 20:29:36,-38.0023,-57.5575,52.952000000000055,82,82,2.68
84,Bulawayo,ZW,2022-05-15 20:32:51,-20.15,28.5833,56.26399999999995,82,1,4.97
85,Provideniya,RU,2022-05-15 20:32:51,64.3833,-173.3,37.14799999999997,66,100,3.65
86,Caluquembe,AO,2022-05-15 20:32:52,-13.7833,14.6833,65.19199999999995,51,97,0.54
87,Kwinana,AU,2022-05-15 20:32:53,-32.25,115.7667,53.744000000000085,77,43,4.28
88,Hasaki,JP,2022-05-15 20:32:53,35.7333,140.8333,57.59600000000006,78,100,6.33
89,Barcelos,PT,2022-05-15 20:33:54,41.5388,-8.6151,63.84199999999993,92,92,4.68
90,Bluff,NZ,2022-05-15 20:33:55,-46.6,168.3333,37.79599999999999,85,11,3.76
91,Ballina,AU,2022-05-15 20:33:55,-28.8667,153.5667,69.78199999999998,94,10,1.84
92,Padang,ID,2022-05-15 20:33:56,-0.9492,100.3543,77.70200000000006,90,88,1.3
93,Geraldton,AU,2022-05-15 20:30:56,-28.7667,114.6,55.81400000000002,82,0,5.14
94,Makakilo City,US,2022-05-15 20:33:57,21.3469,-158.0858,80.92399999999992,56,0,5.14
95,Barentu,ER,2022-05-15 20:33:58,15.1139,37.5928,85.08199999999994,18,0,3.14
96,Mataura,NZ,2022-05-15 20:33:58,-46.1927,168.8643,37.47199999999998,94,12,1.25
97,Qunduz,AF,2022-05-15 20:33:59,36.729,68.857,69.512,50,7,1.15
98,Ancud,CL,2022-05-15 20:34:00,-41.8697,-73.8203,50.738,71,100,3.9
99,Bethel,US,2022-05-15 20:31:11,41.3712,-73.414,82.04000000000002,65,40,3.6
100,Praia,CV,2022-05-15 20:34:01,14.9215,-23.5087,81.13999999999993,47,0,11.83
101,Khandyga,RU,2022-05-15 20:34:02,62.6667,135.6,42.331999999999994,55,100,4.62
102,Sitka,US,2022-05-15 20:34:02,57.0531,-135.33,53.491999999999905,50,75,3.09
103,Chunskiy,RU,2022-05-15 20:33:17,56.0815,99.6342,53.40199999999999,59,87,0.22
104,Claresholm,CA,2022-05-15 20:34:03,50.0333,-113.5852,66.11000000000007,22,78,2.06
105,Doha,QA,2022-05-15 20:31:02,25.2867,51.5333,85.98200000000003,49,0,2.06
106,Najran,SA,2022-05-15 20:34:04,17.4924,44.1277,77.64799999999997,9,27,1.12
107,Castro,BR,2022-05-15 20:34:05,-24.7911,-50.0119,56.55200000000008,95,25,2.37
108,Shache,CN,2022-05-15 20:34:06,38.4167,77.2406,64.382,46,100,4.55
109,Sangar,RU,2022-05-15 20:34:06,63.9242,127.4739,30.97399999999999,72,100,0.35
110,Ayagoz,KZ,2022-05-15 20:34:07,47.9714,80.4392,50.48600000000005,93,7,2.62
111,Betsiamites,CA,2022-05-15 20:34:08,48.9413,-68.646,50.396000000000015,82,100,7.33
112,Georgetown,MY,2022-05-15 20:30:45,5.4112,100.3354,80.52800000000008,99,40,3.6
113,Carnarvon,AU,2022-05-15 20:34:09,-24.8667,113.6333,65.96599999999995,41,0,5.35
114,Thinadhoo,MV,2022-05-15 20:34:09,0.5333,72.9333,83.858,71,96,7.44
115,Pisco,PE,2022-05-15 20:34:10,-13.7,-76.2167,64.45400000000001,82,8,5.14
116,Ntungamo,UG,2022-05-15 20:34:11,-0.8833,29.65,63.30200000000008,96,32,1.36
117,Victoria,HK,2022-05-15 20:32:00,22.2855,114.1577,69.2419999999999,86,100,2.68
118,Dikson,RU,2022-05-15 20:34:12,73.5069,80.5464,31.910000000000025,95,100,4.87
119,Qui Nhon,VN,2022-05-15 20:34:12,13.7667,109.2333,79.43,87,100,2.06
120,Klaksvik,FO,2022-05-15 20:34:13,62.2266,-6.589,47.31800000000004,92,94,4.56
121,Vaitape,PF,2022-05-15 20:34:14,-16.5167,-151.75,80.29400000000004,66,46,2.78
122,Conakry,GN,2022-05-15 20:34:14,9.538,-13.6773,84.27199999999999,79,20,3.09
123,Houma,US,2022-05-15 20:29:47,29.5958,-90.7195,89.99600000000004,53,40,3.09
124,Berlevag,NO,2022-05-15 20:34:16,70.8578,29.0864,39.146000000000015,81,75,5.14
125,Opuwo,NA,2022-05-15 20:34:17,-18.0607,13.84,68.43199999999996,33,68,0.76
126,Qaanaaq,GL,2022-05-15 20:34:17,77.484,-69.3632,25.736000000000047,68,100,1.52
127,Qasigiannguit,GL,2022-05-15 20:34:18,68.8193,-51.1922,26.852000000000032,76,6,1.59
128,Cap-Aux-Meules,CA,2022-05-15 20:34:19,47.3821,-61.8597,42.853999999999985,93,75,5.14
129,Los Llanos De Aridane,ES,2022-05-15 20:34:20,28.6585,-17.9182,67.74799999999999,93,75,1.79
130,Aklavik,CA,2022-05-15 20:34:20,68.2191,-135.0107,31.819999999999993,98,100,2.99
131,Jasper,US,2022-05-15 20:34:21,37.2001,-94.3502,64.45400000000001,94,75,3.6
132,Montepuez,MZ,2022-05-15 20:34:22,-13.1256,38.9997,68.54000000000002,67,100,1.8
133,Ariquemes,BR,2022-05-15 20:34:22,-9.9133,-63.0408,78.60200000000003,93,100,1.64
134,Axim,GH,2022-05-15 20:34:23,4.8699,-2.2405,80.52800000000008,84,37,3.41
135,Dickson,US,2022-05-15 20:30:00,36.077,-87.3878,87.54799999999994,44,75,0.45
136,Arraial Do Cabo,BR,2022-05-15 20:34:24,-22.9661,-42.0278,76.85599999999994,73,75,3.6
137,Hami,CN,2022-05-15 20:34:25,42.8,93.45,65.60599999999994,8,70,3.67
138,Kimbe,PG,2022-05-15 20:35:25,-5.5502,150.1429,77.14400000000006,91,100,1.42
139,Lahat,ID,2022-05-15 20:35:26,-3.8,103.5333,72.51800000000009,96,55,1.32
140,Bulgan,MN,2022-05-15 20:35:27,48.8125,103.5347,49.38799999999998,28,73,2.95
141,Portland,US,2022-05-15 20:33:46,45.5234,-122.6762,66.43399999999991,89,100,2.57
142,Bilibino,RU,2022-05-15 20:35:28,68.0546,166.4372,27.51800000000003,89,83,1.94
143,Tautira,PF,2022-05-15 20:35:29,-17.7333,-149.15,80.4919999999999,75,57,6.61
144,Saskylakh,RU,2022-05-15 20:35:29,71.9167,114.0833,33.36800000000005,100,100,2.13
145,Talnakh,RU,2022-05-15 20:35:30,69.4865,88.3972,35.38399999999996,95,100,4.66
146,Tapes,BR,2022-05-15 20:35:31,-30.6733,-51.3958,59.43199999999996,89,100,6.31
147,Hobart,AU,2022-05-15 20:35:32,-42.8794,147.3294,48.25400000000002,84,34,3.73
148,Lahaina,US,2022-05-15 20:35:32,20.8783,-156.6825,84.19999999999999,69,16,2.88
149,Dunmore Town,BS,2022-05-15 20:35:33,25.5,-76.65,80.04199999999997,66,0,0.5
150,Novorzhev,RU,2022-05-15 20:35:34,57.0294,29.3338,40.136000000000024,88,11,2.72
151,Vardo,NO,2022-05-15 20:35:34,70.3705,31.1107,39.18199999999996,81,100,4.63
152,Butaritari,KI,2022-05-15 20:35:35,3.0707,172.7902,80.88799999999998,77,6,5.09
153,Sao Filipe,CV,2022-05-15 20:35:36,14.8961,-24.4956,75.90199999999999,71,10,3.14
154,Bull Savanna,JM,2022-05-15 20:35:36,17.8868,-77.5902,81.608,65,93,6.39
155,Norman Wells,CA,2022-05-15 20:35:37,65.282,-126.8329,50.036,53,75,7.2
156,Chara,RU,2022-05-15 20:35:38,56.9064,118.2631,38.210000000000036,87,100,3.17
157,Katsuura,JP,2022-05-15 20:35:38,35.1333,140.3,60.81800000000004,94,100,2.55
158,Olafsvik,IS,2022-05-15 20:35:39,64.8945,-23.7142,47.49799999999999,92,99,7.25
159,Tuktoyaktuk,CA,2022-05-15 20:35:40,69.4541,-133.0374,37.39999999999998,75,75,6.17
160,Margate,GB,2022-05-15 20:35:40,51.3813,1.3862,60.69199999999995,73,93,1.34
161,Russell,US,2022-05-15 20:35:41,32.3502,-85.1999,87.40400000000005,45,0,0.0
162,Nakhon Thai,TH,2022-05-15 20:35:42,17.1006,100.8374,77.738,89,99,0.34
163,Chuy,UY,2022-05-15 20:35:42,-33.6971,-53.4616,54.26600000000002,58,17,3.15
164,Auki,SB,2022-05-15 20:35:43,-8.7676,160.7034,80.27600000000001,78,27,0.48
165,Gualeguay,AR,2022-05-15 20:35:44,-33.1416,-59.3097,53.420000000000016,36,0,3.48
166,Tual,ID,2022-05-15 20:35:44,-5.6667,132.75,82.238,75,100,4.03
167,Iskateley,RU,2022-05-15 20:35:45,67.6803,53.1512,35.69,91,100,5.86
168,Cape Town,ZA,2022-05-15 20:32:02,-33.9258,18.4232,59.108000000000004,92,0,1.54
169,Emerald,AU,2022-05-15 20:35:46,-23.5333,148.1667,64.34600000000006,94,0,2.37
170,Tessalit,ML,2022-05-15 20:35:47,20.1986,1.0114,91.382,8,2,3.61
171,Te Anau,NZ,2022-05-15 20:35:47,-45.4167,167.7167,45.049999999999955,81,12,0.33
172,Hamilton,US,2022-05-15 20:35:18,39.1834,-84.5333,87.62000000000006,36,0,1.54
173,Havelock,US,2022-05-15 20:35:49,34.8791,-76.9013,82.39999999999992,74,0,5.66
174,Cabedelo,BR,2022-05-15 20:35:49,-6.9811,-34.8339,79.46599999999995,85,95,4.19
175,Nenjiang,CN,2022-05-15 20:35:50,49.1833,125.2167,40.24400000000003,41,31,2.3
176,Palu,ID,2022-05-15 20:35:50,-0.8917,119.8707,75.488,95,11,0.97
177,Richards Bay,ZA,2022-05-15 20:35:51,-28.783,32.0377,65.57,87,7,0.88
178,Mandalgovi,MN,2022-05-15 20:35:52,45.7625,106.2708,48.81200000000001,26,97,1.67
179,Ekhabi,RU,2022-05-15 20:35:52,53.5102,142.9671,32.66599999999994,96,79,4.56
180,Foumban,CM,2022-05-15 20:35:53,5.7291,10.9001,67.406,83,67,0.95
181,Goderich,CA,2022-05-15 20:35:54,43.7501,-81.7165,73.72399999999999,56,100,2.06
182,Clyde River,CA,2022-05-15 20:35:55,70.4692,-68.5914,28.633999999999958,80,75,5.14
183,Lebu,CL,2022-05-15 20:35:56,-37.6167,-73.65,56.80400000000003,58,100,1.83
184,Pyapon,MM,2022-05-15 20:36:56,16.2833,95.6833,81.58999999999997,83,45,1.9
185,Codrington,AU,2022-05-15 20:36:57,-38.2667,141.9667,52.52000000000004,75,100,6.9
186,Arona,ES,2022-05-15 20:36:58,28.0996,-16.681,63.122000000000014,71,20,3.6
187,Saint-Georges,GD,2022-05-15 20:36:59,12.0564,-61.7485,87.47600000000006,66,20,9.26
188,Yaan,NG,2022-05-15 20:36:59,7.3833,8.5667,81.75200000000001,71,63,3.33
189,Bengkulu,ID,2022-05-15 20:37:00,-3.8004,102.2655,75.95599999999996,90,94,0.98
190,Buenaventura,CO,2022-05-15 20:37:01,3.8801,-77.0312,81.64400000000006,86,79,2.21
191,Merke,KZ,2022-05-15 20:37:01,42.8728,73.1786,55.95799999999991,64,0,3.15
192,Okha,RU,2022-05-15 20:32:09,53.5739,142.9478,32.79199999999997,96,78,4.31
193,Leshukonskoye,RU,2022-05-15 20:37:02,64.8989,45.7622,40.49599999999998,86,100,3.43
194,Tall Kayf,TR,2022-05-15 20:37:03,37.0833,41.0667,61.141999999999996,75,36,9.58
195,Dwarka,IN,2022-05-15 20:37:04,22.2394,68.9678,83.10200000000003,77,0,9.04
196,Linhares,BR,2022-05-15 20:37:04,-19.3911,-40.0722,74.30000000000001,69,98,2.58
197,Zemio,CF,2022-05-15 20:37:05,5.0314,25.1361,70.62799999999999,93,44,0.24
198,Laguna,US,2022-05-15 20:37:06,38.421,-121.4238,92.74999999999994,36,0,4.63
199,San-Pedro,CI,2022-05-15 20:37:06,4.7485,-6.6363,78.99799999999999,88,87,2.62
200,Fortuna,US,2022-05-15 20:37:07,40.5982,-124.1573,62.92399999999992,86,75,5.66
201,Kahului,US,2022-05-15 20:33:17,20.8947,-156.47,84.21800000000002,48,20,6.69
202,Manokwari,ID,2022-05-15 20:37:08,-0.8667,134.0833,78.7100000000001,79,99,2.83
203,Kingman,US,2022-05-15 20:37:09,35.1894,-114.053,97.12399999999997,2,0,7.72
204,Esperance,AU,2022-05-15 20:37:09,-33.8667,121.9,49.83800000000002,75,99,1.44
205,Nikolskoye,RU,2022-05-15 20:37:10,59.7035,30.7861,44.77999999999997,89,53,2.95
206,Poum,NC,2022-05-15 20:37:11,-20.2333,164.0167,76.80200000000008,71,34,6.7
207,Kodiak,US,2022-05-15 20:37:12,57.79,-152.4072,53.113999999999976,37,100,3.09
208,Vestmannaeyjar,IS,2022-05-15 20:37:13,63.4427,-20.2734,49.262,89,100,9.82
209,Alvdal,NO,2022-05-15 20:37:14,62.1077,10.6307,34.339999999999975,86,47,3.07
210,Sorong,ID,2022-05-15 20:37:15,-0.8833,131.25,77.98999999999995,87,88,3.42
211,Narsaq,GL,2022-05-15 20:37:16,60.9167,-46.05,44.815999999999974,66,33,1.89
212,Liepaja,LV,2022-05-15 20:34:52,56.5419,21.0367,39.18199999999996,87,0,0.0
213,Sioux Lookout,CA,2022-05-15 20:37:17,50.1001,-91.917,48.27199999999999,71,100,5.14
214,Caravelas,BR,2022-05-15 20:37:17,-17.7125,-39.2481,75.73999999999995,69,96,2.62
215,Touros,BR,2022-05-15 20:37:18,-5.1989,-35.4608,79.286,83,35,4.06
216,Menongue,AO,2022-05-15 20:37:19,-14.6585,17.691,61.214,53,69,1.88
217,Litovko,RU,2022-05-15 20:37:19,49.2361,135.1742,44.85200000000003,70,18,4.94
218,Mount Isa,AU,2022-05-15 20:37:20,-20.7333,139.5,58.76600000000002,77,0,1.03
219,Sterling,US,2022-05-15 20:37:21,39.0062,-77.4286,84.93800000000005,62,75,4.63
220,East London,ZA,2022-05-15 20:37:21,-33.0153,27.9116,62.762,85,0,4.1
221,Ponnani,IN,2022-05-15 20:37:26,10.767,75.9252,76.31599999999997,91,100,3.71
222,Show Low,US,2022-05-15 20:37:27,34.2542,-110.0298,87.07999999999998,4,0,6.17
223,Quatre Cocos,MU,2022-05-15 20:37:28,-20.2078,57.7625,73.50799999999998,80,25,3.24
224,Pevek,RU,2022-05-15 20:36:50,69.7008,170.3133,21.668000000000063,86,100,2.28
225,Gubkinskiy,RU,2022-05-15 20:37:29,64.434,76.5026,51.27800000000002,74,100,4.37
226,Severo-Yeniseyskiy,RU,2022-05-15 20:37:30,60.3725,93.0408,49.27999999999997,73,99,1.98
227,Tynda,RU,2022-05-15 20:38:30,55.1667,124.7167,31.352000000000032,74,89,1.26
228,Deputatskiy,RU,2022-05-15 20:38:31,69.3,139.9,15.241999999999962,94,100,3.02
229,Mayo,US,2022-05-15 20:38:32,38.8876,-76.5119,84.12799999999999,79,40,3.09
230,Charters Towers,AU,2022-05-15 20:38:32,-20.1,146.2667,66.56,73,0,2.45
231,Yinchuan,CN,2022-05-15 20:38:33,38.4681,106.2731,57.43399999999991,9,0,3.4
232,San Cristobal,VE,2022-05-15 20:38:34,7.7669,-72.225,80.78000000000003,61,100,2.43
233,Avarua,CK,2022-05-15 20:38:34,-21.2078,-159.775,80.65400000000005,61,75,1.03
234,Ashti,IN,2022-05-15 20:38:35,19.3833,76.2333,91.04000000000002,23,16,5.67
235,Morgantown,US,2022-05-15 20:38:18,39.6295,-79.9559,81.32,63,100,2.57
236,Yangjiang,CN,2022-05-15 20:38:01,21.85,111.9667,66.92000000000002,89,100,5.18
237,Longyearbyen,SJ,2022-05-15 20:38:36,78.2186,15.6401,30.03800000000001,74,75,1.54
238,Labuhan,ID,2022-05-15 20:38:37,-6.8844,112.2051,77.97200000000004,88,37,3.47
239,Puri,IN,2022-05-15 20:38:38,19.8,85.85,84.72200000000004,87,96,9.25
240,Hithadhoo,MV,2022-05-15 20:38:38,-0.6,73.0833,83.26399999999995,73,83,5.63
241,Grand Gaube,MU,2022-05-15 20:38:39,-20.0064,57.6608,73.79599999999999,79,2,0.89
242,Awjilah,LY,2022-05-15 20:38:40,29.1081,21.2869,75.03799999999995,29,0,4.36
243,Lieksa,FI,2022-05-15 20:38:40,63.3167,30.0167,42.00799999999998,95,99,1.93
244,Buraydah,SA,2022-05-15 20:38:30,26.326,43.975,81.05000000000001,13,0,2.32
245,Tari,NG,2022-05-15 20:38:41,12.4086,4.4914,93.50600000000003,35,53,2.73
246,Nanortalik,GL,2022-05-15 20:38:42,60.1432,-45.2371,31.333999999999946,75,80,3.67
247,Sergeyevka,KZ,2022-05-15 20:38:42,53.88,67.4158,57.66800000000006,79,100,5.39
248,Dawson Creek,CA,2022-05-15 20:38:43,55.7666,-120.2362,55.04000000000002,38,75,2.57
249,Dingle,PH,2022-05-15 20:38:44,10.9995,122.6711,76.71200000000005,88,99,1.39
250,Pacific Grove,US,2022-05-15 20:38:45,36.6177,-121.9166,75.38000000000005,85,75,5.14
251,Nicoya,CR,2022-05-15 20:38:46,10.1483,-85.452,85.92800000000005,67,97,1.51
252,Ribeira Grande,PT,2022-05-15 20:38:47,38.5167,-28.7,62.99600000000004,88,75,12.86
253,Khatanga,RU,2022-05-15 20:38:47,71.9667,102.5,30.79400000000004,94,100,0.69
254,La Primavera,CO,2022-05-15 20:38:48,5.4906,-70.4092,87.02600000000001,62,98,1.96
255,Adrar,MR,2022-05-15 20:38:49,20.5022,-10.0711,91.13000000000005,10,62,4.77
256,Itarema,BR,2022-05-15 20:38:50,-2.9248,-39.9167,79.23200000000003,85,86,4.99
257,Maragogi,BR,2022-05-15 20:38:51,-9.0122,-35.2225,78.63799999999998,78,100,3.05
258,Naze,JP,2022-05-15 20:38:52,28.3667,129.4833,59.91800000000006,86,100,5.95
259,Mount Gambier,AU,2022-05-15 20:34:43,-37.8333,140.7667,53.25799999999998,63,100,5.65
260,Yulara,AU,2022-05-15 20:38:53,-25.2406,130.9889,55.14799999999997,42,0,4.05
261,Talara,PE,2022-05-15 20:38:54,-4.5772,-81.2719,74.156,64,40,9.77
262,Boone,US,2022-05-15 20:37:38,39.0334,-92.3335,77.79199999999997,54,67,3.68
263,Kupang,ID,2022-05-15 20:38:55,-10.1667,123.5833,77.23399999999998,89,6,2.43
264,Jalu,LY,2022-05-15 20:38:56,29.0331,21.5482,76.334,28,0,4.56
265,Matara,LK,2022-05-15 20:38:57,5.9485,80.5353,78.87200000000001,90,74,5.58
266,Chumikan,RU,2022-05-15 20:38:57,54.7183,135.315,37.32800000000003,71,100,7.0
267,Mragowo,PL,2022-05-15 20:38:59,53.8644,21.3051,49.99999999999994,94,2,2.8
268,Saint-Pierre,RE,2022-05-15 20:35:54,-21.3393,55.4781,71.27600000000001,60,40,4.12
269,Ceres,US,2022-05-15 20:38:54,37.5949,-120.9577,91.79599999999999,30,0,8.23
270,Feldkirchen An Der Donau,AT,2022-05-15 20:39:00,48.3452,14.0513,64.72399999999999,56,0,1.54
271,Prichard,US,2022-05-15 20:39:01,30.7388,-88.0789,90.33800000000002,50,40,5.14
272,Itaguai,BR,2022-05-15 20:39:02,-22.8522,-43.7753,76.6760000000001,73,100,2.57
273,Dukat,RU,2022-05-15 20:40:03,62.55,155.55,32.28800000000001,100,100,2.47
274,Saint George,US,2022-05-15 20:40:04,37.1041,-113.5841,100.63399999999996,7,0,2.57
275,Inuvik,CA,2022-05-15 20:40:04,68.3499,-133.7218,36.355999999999995,83,100,3.09
276,Mindelo,CV,2022-05-15 20:40:05,16.8901,-24.9804,78.34999999999997,53,20,18.52
277,Isangel,VU,2022-05-15 20:40:06,-19.55,169.2667,76.56800000000004,76,38,5.59
278,Potam,MX,2022-05-15 20:40:07,27.6,-110.3833,93.02000000000004,22,82,6.58
279,Merauke,ID,2022-05-15 20:40:07,-8.4667,140.3333,77.86399999999998,68,1,1.54
280,High Level,CA,2022-05-15 20:40:08,58.5169,-117.136,60.90799999999996,39,75,3.6
281,Kapoeta,SS,2022-05-15 20:40:09,4.7717,33.5903,80.52800000000008,45,5,2.68
282,Cap Malheureux,MU,2022-05-15 20:40:09,-19.9842,57.6142,72.464,80,2,1.34
283,Nome,US,2022-05-15 20:40:10,64.5011,-165.4064,39.16399999999999,75,100,4.12
284,Tieling,CN,2022-05-15 20:40:11,42.2931,123.8414,48.95599999999996,73,78,2.67
285,Belaya Gora,RU,2022-05-15 20:40:12,68.5333,146.4167,22.676000000000045,91,100,6.46
286,Lubao,PH,2022-05-15 20:40:12,14.9167,120.55,80.31200000000007,84,100,0.12
287,Qingquan,CN,2022-05-15 20:40:13,30.4511,115.2559,58.65799999999996,70,89,0.88
288,Dao,PH,2022-05-15 20:40:14,11.3937,122.6856,74.012,90,100,0.27
289,Skibbereen,IE,2022-05-15 20:40:14,51.55,-9.2667,57.11000000000007,97,100,3.53
290,Novyy Urengoy,RU,2022-05-15 20:40:15,66.0833,76.6333,43.06999999999999,83,100,2.88
291,Pyay,MM,2022-05-15 20:40:16,18.8167,95.2167,83.03000000000003,68,20,0.94
292,Laredo,US,2022-05-15 20:35:33,27.5064,-99.5075,100.68800000000005,28,0,5.14
293,Alice Springs,AU,2022-05-15 20:40:18,-23.7,133.8833,58.55000000000001,63,75,2.06
294,Killybegs,IE,2022-05-15 20:40:19,54.6333,-8.45,56.19199999999995,88,33,5.26
295,Carutapera,BR,2022-05-15 20:40:20,-1.195,-46.02,79.358,89,46,3.48
296,Eirunepe,BR,2022-05-15 20:40:20,-6.6603,-69.8736,78.54799999999994,95,100,0.84
297,Mollendo,PE,2022-05-15 20:40:21,-17.0231,-72.0147,66.18199999999996,79,96,3.49
298,Muros,ES,2022-05-15 20:40:22,42.7762,-9.0603,63.08600000000007,85,98,8.05
299,Aparecida Do Taboado,BR,2022-05-15 20:40:22,-20.0867,-51.0936,71.22200000000004,81,51,3.91
300,Roma,US,2022-05-15 20:40:23,43.2128,-75.4557,78.94400000000002,59,100,2.68
301,Komsomolskiy,UZ,2022-05-15 20:40:24,40.4272,71.7189,61.52000000000004,82,34,0.0
302,Asau,RO,2022-05-15 20:40:24,46.4333,26.4,58.94599999999997,73,73,0.84
303,Husavik,IS,2022-05-15 20:40:25,66.0449,-17.3389,49.17199999999997,83,85,2.45
304,Volax,GR,2022-05-15 20:40:26,41.3167,24.0,57.829999999999984,84,19,1.64
305,Severo-Kurilsk,RU,2022-05-15 20:40:26,50.6789,156.125,35.85200000000003,99,100,7.34
306,Svetlaya,RU,2022-05-15 20:40:27,46.5389,138.3297,46.18399999999997,70,18,3.85
307,Acapulco,MX,2022-05-15 20:40:26,16.8634,-99.8901,87.62000000000006,66,20,5.66
308,Chongwe,ZM,2022-05-15 20:40:28,-15.3292,28.682,56.24600000000004,56,2,1.96
309,Alofi,NU,2022-05-15 20:40:29,-19.0595,-169.9187,73.29199999999997,88,100,3.6
310,Faya,SA,2022-05-15 20:40:30,18.3851,42.4509,69.90799999999996,12,4,3.16
311,Flinders,AU,2022-05-15 20:40:30,-34.5833,150.8552,57.38000000000005,91,0,1.34
312,Bronnoysund,NO,2022-05-15 20:40:31,65.4625,12.1997,40.99999999999994,87,75,6.26
313,Nadvoitsy,RU,2022-05-15 20:40:32,63.8667,34.3167,39.073999999999955,84,100,4.0
314,San Quintin,MX,2022-05-15 20:35:58,30.4833,-115.95,72.55400000000003,55,5,6.57
315,Kruisfontein,ZA,2022-05-15 20:40:33,-34.0033,24.7314,55.54400000000004,76,0,2.06
316,Basco,PH,2022-05-15 20:40:34,20.4487,121.9702,80.97800000000001,82,99,6.86
317,Yajalon,MX,2022-05-15 20:40:34,17.2333,-92.3333,85.82,38,9,2.9
318,Yar-Sale,RU,2022-05-15 20:40:35,66.8333,70.8333,37.47199999999998,95,48,3.45
319,Ixtapa,MX,2022-05-15 20:38:20,20.7,-105.2,83.4260000000001,51,0,5.66
320,Eyl,SO,2022-05-15 20:40:36,7.9803,49.8164,83.06599999999997,72,96,9.2
321,Mongo,TD,2022-05-15 20:41:37,12.1844,18.693,88.41199999999998,42,58,2.07
322,Nuuk,GL,2022-05-15 20:41:37,64.1835,-51.7216,30.812000000000012,59,0,5.14
323,Lagos,NG,2022-05-15 20:37:24,6.5833,3.75,84.52399999999994,94,63,1.13
324,Saldanha,ZA,2022-05-15 20:41:39,-33.0117,17.9442,57.25399999999996,56,0,4.18
325,Fukue,JP,2022-05-15 20:41:39,32.6881,128.8419,61.988,54,100,3.42
326,Ashland,US,2022-05-15 20:41:25,40.8167,-82.2665,82.94,41,18,2.93
327,Brae,GB,2022-05-15 20:41:41,60.3964,-1.353,49.83800000000002,89,94,3.14
328,Acurenam,GQ,2022-05-15 20:41:42,1.0322,10.6488,69.02600000000001,97,100,0.62
329,Saint-Augustin,CA,2022-05-15 20:41:43,51.226,-58.6502,44.16800000000006,53,60,4.96
330,Mahebourg,MU,2022-05-15 20:41:43,-20.4081,57.7,73.68800000000005,94,75,4.63
331,Elat,IL,2022-05-15 20:41:44,29.5581,34.9482,78.63799999999998,27,0,5.14
332,Iquique,CL,2022-05-15 20:41:45,-20.2208,-70.1431,62.636000000000024,71,88,3.63
333,Nortelandia,BR,2022-05-15 20:41:45,-14.4547,-56.8028,85.02800000000008,52,33,1.73
334,Melilla,ES,2022-05-15 20:38:28,35.2937,-2.9383,71.97800000000001,53,0,4.12
335,Beaufort,MY,2022-05-15 20:40:33,5.3473,115.7455,75.93800000000005,95,82,1.05
336,Orlik,RU,2022-05-15 20:41:47,52.5178,99.825,44.22199999999998,43,79,1.04
337,Kurilsk,RU,2022-05-15 20:41:48,45.2333,147.8833,48.66800000000006,55,0,2.77
338,Kyren,RU,2022-05-15 20:41:48,51.6828,102.1408,52.196000000000026,38,72,1.3
339,Riviere-Au-Renard,CA,2022-05-15 20:41:49,48.9957,-64.3971,44.88799999999998,75,14,6.9
340,Shestakovo,RU,2022-05-15 20:41:50,56.4915,103.96,53.420000000000016,49,100,2.06
341,Ola,RU,2022-05-15 20:41:50,59.5833,151.2833,37.14799999999997,94,100,10.06
342,Grindavik,IS,2022-05-15 20:41:51,63.8424,-22.4338,51.74599999999998,100,100,10.8
343,Poya,NC,2022-05-15 20:41:52,-21.35,165.15,74.26399999999995,76,55,1.77
344,Inhambane,MZ,2022-05-15 20:41:52,-23.865,35.3833,69.94400000000002,78,4,4.24
345,Port Lincoln,AU,2022-05-15 20:38:14,-34.7333,135.8667,57.36200000000002,70,73,6.67
346,Valle De Banderas,MX,2022-05-15 20:41:53,20.8,-105.2333,90.15799999999996,36,80,3.89
347,Dalvik,IS,2022-05-15 20:41:54,65.9702,-18.5286,57.127999999999986,85,96,1.38
348,Mezibori,CZ,2022-05-15 20:41:55,50.6212,13.5987,55.579999999999984,77,1,0.91
349,Stara Synyava,UA,2022-05-15 20:41:55,49.6032,27.6191,47.156000000000006,79,27,3.43
350,Saltillo,MX,2022-05-15 20:37:26,25.4167,-101.0,90.464,23,0,5.14
351,Jiazi,CN,2022-05-15 20:41:57,22.8779,116.067,64.43599999999998,93,100,6.1
352,Dudhani,IN,2022-05-15 20:41:58,17.3667,76.3667,93.00200000000001,37,99,2.81
353,Vianopolis,BR,2022-05-15 20:41:59,-16.7419,-48.5164,73.41800000000006,53,98,2.15
354,Abay,KZ,2022-05-15 20:41:59,49.6311,72.8539,46.77800000000002,48,85,2.94
355,Medford,US,2022-05-15 20:40:59,42.3265,-122.8756,74.642,58,0,2.57
356,Dubai,AE,2022-05-15 20:38:38,25.2582,55.3047,84.45200000000006,70,0,4.12
357,Tiznit,MA,2022-05-15 20:42:01,29.5833,-9.5,61.141999999999996,80,2,1.77
358,Perth,AU,2022-05-15 20:41:19,-31.9333,115.8333,53.78000000000003,92,0,3.6
359,Yartsevo,RU,2022-05-15 20:37:44,55.0667,32.6964,42.00799999999998,85,26,3.21
360,Regidor,CO,2022-05-15 20:42:02,8.6657,-73.8215,85.02800000000008,82,94,2.03
361,Sinnamary,GF,2022-05-15 20:42:03,5.3833,-52.95,79.80799999999994,90,100,4.91
362,Luwuk,ID,2022-05-15 20:42:04,-0.9516,122.7875,78.512,89,55,0.4
363,Constantine,DZ,2022-05-15 20:42:04,36.365,6.6147,71.00600000000003,60,75,3.6
364,Cayenne,GF,2022-05-15 20:42:05,4.9333,-52.3333,82.094,1,75,2.06
365,Atarra,IN,2022-05-15 20:42:06,25.2833,80.5667,96.97999999999996,9,67,3.02
366,Lasa,IT,2022-05-15 20:43:06,46.6166,10.7002,67.08199999999994,89,95,1.45
367,Pontianak,ID,2022-05-15 20:43:07,-0.0333,109.3333,76.98200000000003,100,62,1.03
368,Ugoofaaru,MV,2022-05-15 20:43:08,5.6667,73.0,82.68800000000005,77,100,8.59
369,Beringovskiy,RU,2022-05-15 20:43:08,63.05,179.3167,38.85799999999995,75,63,2.65
370,Algiers,DZ,2022-05-15 20:43:09,36.7525,3.042,66.02000000000004,88,16,1.54
371,Hovd,MN,2022-05-15 20:43:10,48.0056,91.6419,58.65799999999996,21,100,2.32
372,Chokurdakh,RU,2022-05-15 20:43:11,70.6333,147.9167,16.862000000000023,89,99,3.72
373,Tabriz,IR,2022-05-15 20:43:11,38.08,46.2919,58.46000000000009,77,20,2.06
374,Bathsheba,BB,2022-05-15 20:43:12,13.2167,-59.5167,83.012,78,75,8.23
375,Tomatlan,MX,2022-05-15 20:43:13,19.9333,-105.25,91.02199999999999,28,28,5.31
376,Peace River,CA,2022-05-15 20:38:35,56.2501,-117.286,62.906000000000006,21,20,4.12
377,Joensuu,FI,2022-05-15 20:43:14,62.6012,29.7632,46.886000000000024,93,100,2.57
378,San Patricio,US,2022-05-15 20:43:14,28.017,-97.5169,93.92000000000002,43,0,7.51
379,Port Hardy,CA,2022-05-15 20:43:15,50.6996,-127.4199,50.18000000000001,93,100,4.63
380,Pangody,RU,2022-05-15 20:43:16,65.85,74.4859,42.42199999999997,79,75,4.57
381,Vysokopillya,UA,2022-05-15 20:43:16,47.4919,33.5306,51.90799999999996,78,13,3.67
382,Kungurtug,RU,2022-05-15 20:43:17,50.5994,97.5228,44.599999999999966,46,8,0.76
383,Bon Air,US,2022-05-15 20:39:16,37.5249,-77.5578,85.6760000000001,66,100,1.86
384,Popondetta,PG,2022-05-15 20:43:18,-8.7537,148.2534,72.66199999999998,94,98,1.29
385,Ostrovnoy,RU,2022-05-15 20:43:19,68.0531,39.5131,34.66399999999999,87,99,2.34
386,Palmer,US,2022-05-15 20:43:20,42.1584,-72.3287,80.45599999999996,54,58,0.89
387,Erenhot,CN,2022-05-15 20:43:20,43.6475,111.9767,53.99600000000004,23,69,3.6
388,Brasilia,BR,2022-05-15 20:43:10,-15.7797,-47.9297,81.51800000000009,42,75,4.12
389,Kaliua,TZ,2022-05-15 20:43:21,-5.0606,31.7936,69.45799999999991,73,96,2.16
390,Asfi,MA,2022-05-15 20:43:22,32.2994,-9.2372,65.19199999999995,80,15,3.4
391,Besikduzu,TR,2022-05-15 20:43:23,41.052,39.2284,62.491999999999905,73,100,3.08
392,Quang Ngai,VN,2022-05-15 20:40:13,15.1167,108.8,77.84600000000006,90,100,1.25
393,Turayf,SA,2022-05-15 20:38:58,31.6725,38.6637,70.05200000000008,43,0,7.2
394,Leningradskiy,RU,2022-05-15 20:43:25,69.3833,178.4167,23.846000000000004,84,98,1.14
395,Hofn,IS,2022-05-15 20:43:25,64.2539,-15.2082,47.85799999999995,89,100,0.86
396,Yerofey Pavlovich,RU,2022-05-15 20:43:26,53.9667,121.9667,34.53800000000001,68,75,1.18
397,Ucluelet,CA,2022-05-15 20:40:42,48.9329,-125.5528,54.08600000000007,88,100,0.45
398,Galle,LK,2022-05-15 20:43:27,6.0367,80.217,80.11399999999998,85,74,6.18
399,Baghdad,IQ,2022-05-15 20:40:28,33.3406,44.4009,84.11000000000007,30,0,1.03
400,Hay River,CA,2022-05-15 20:43:28,60.8156,-115.7999,53.56400000000002,54,75,5.66
401,Gari,RU,2022-05-15 20:43:29,59.4307,62.3497,45.78800000000001,91,16,2.64
402,Port Hedland,AU,2022-05-15 20:43:30,-20.3167,118.5667,71.65400000000005,53,7,2.57
403,Moose Factory,CA,2022-05-15 20:43:30,51.2585,-80.6094,73.39999999999992,43,75,6.69
404,Tuatapere,NZ,2022-05-15 20:43:31,-46.1333,167.6833,45.60799999999995,77,5,1.83
405,Gallup,US,2022-05-15 20:43:32,35.5281,-108.7426,85.83800000000002,4,0,2.24
406,Aripuana,BR,2022-05-15 20:43:32,-9.1667,-60.6333,82.34600000000006,75,100,0.48
407,Hualmay,PE,2022-05-15 20:43:33,-11.0964,-77.6139,68.07199999999995,73,64,4.19
408,Noumea,NC,2022-05-15 20:41:07,-22.2763,166.4572,75.00200000000001,99,84,3.76
409,Waw,SS,2022-05-15 20:43:34,7.7029,27.9953,75.45200000000006,87,78,2.02
410,Barabinsk,RU,2022-05-15 20:43:35,55.3571,78.357,57.05599999999998,59,72,2.09
411,Pithora,IN,2022-05-15 20:43:35,21.2667,82.5167,87.80000000000001,39,50,1.9
412,Salalah,OM,2022-05-15 20:43:36,17.0151,54.0924,84.29000000000002,70,0,2.06
413,Bemidji,US,2022-05-15 20:43:37,47.4736,-94.8803,68.91800000000006,29,75,10.8
414,Mareeba,AU,2022-05-15 20:43:37,-17.0,145.4333,64.43599999999998,95,62,0.94
415,Kasiri,SL,2022-05-15 20:44:38,8.9412,-13.1148,82.57999999999998,85,26,4.46
416,Sydney,AU,2022-05-15 20:42:45,-33.8679,151.2073,58.38799999999998,78,0,3.6
417,Villeneuve-Sur-Lot,FR,2022-05-15 20:44:39,44.5,0.6667,64.34600000000006,90,100,2.67
418,Madimba,TZ,2022-05-15 20:44:40,-10.4,40.3333,74.51600000000002,88,20,6.69
419,Adiake,CI,2022-05-15 20:44:40,5.2863,-3.304,79.79000000000002,85,21,3.29
420,Horta,PT,2022-05-15 20:44:41,38.5333,-28.6333,62.23999999999995,82,75,13.38
421,Nizhniy Tsasuchey,RU,2022-05-15 20:44:42,50.5167,115.1333,45.662000000000035,53,12,2.88
422,Halifax,CA,2022-05-15 20:44:33,44.6453,-63.5724,50.68399999999997,88,100,6.69
423,Blackburn,GB,2022-05-15 20:44:43,53.75,-2.4833,61.79000000000002,85,97,4.02
424,Ahuimanu,US,2022-05-15 20:44:43,21.4447,-157.8378,82.11200000000002,62,75,4.63
425,Penalva,BR,2022-05-15 20:44:44,-3.2942,-45.1736,77.21599999999995,93,36,0.99
426,Kushima,JP,2022-05-15 20:44:45,31.4583,131.2333,57.11000000000007,86,100,0.75
427,Tatarsk,RU,2022-05-15 20:44:45,55.219,75.9828,57.613999999999976,45,93,2.88
428,Cabo San Lucas,MX,2022-05-15 20:44:46,22.8909,-109.9124,94.29799999999994,50,93,4.67
429,Batagay,RU,2022-05-15 20:44:47,67.6333,134.6333,22.999999999999943,86,100,2.09
430,Ayorou,NE,2022-05-15 20:44:47,14.7308,0.9174,97.50200000000001,19,98,2.21
431,Chapada Dos Guimaraes,BR,2022-05-15 20:44:48,-15.4606,-55.7497,78.45799999999991,53,20,2.29
432,Zhangjiakou,CN,2022-05-15 20:44:49,40.81,114.8794,51.60200000000003,26,11,1.66
433,Terrasini,IT,2022-05-15 20:44:49,38.146,13.0844,69.60200000000003,63,0,1.54
434,Gorontalo,ID,2022-05-15 20:43:08,0.5412,123.0595,77.14400000000006,95,90,0.64
435,Chicama,PE,2022-05-15 20:44:51,-7.8447,-79.1469,64.94,63,76,3.64
436,Ishim,RU,2022-05-15 20:44:51,56.1128,69.4902,55.29199999999997,81,100,2.96
437,Karratha,AU,2022-05-15 20:44:52,-20.7377,116.8463,73.79599999999999,50,2,4.52
438,Gat,IL,2022-05-15 20:44:53,31.61,34.7642,65.084,100,0,0.35
439,Fort Smith,US,2022-05-15 20:44:53,35.3859,-94.3986,93.38000000000005,55,20,2.06
440,Itaueira,BR,2022-05-15 20:44:54,-7.6033,-43.0256,86.70200000000006,45,100,3.25
441,Lishui,CN,2022-05-15 20:44:55,28.4604,119.9103,53.27600000000001,98,100,0.69
442,Montlucon,FR,2022-05-15 20:44:55,46.3333,2.6,58.85599999999994,96,49,3.15
443,Vao,NC,2022-05-15 20:44:56,-22.6667,167.4833,73.90400000000005,69,44,7.11
444,Dongsheng,CN,2022-05-15 20:44:57,39.8161,109.9776,48.09199999999993,19,0,5.34
445,Sirjan,IR,2022-05-15 20:44:57,29.452,55.6814,63.122000000000014,18,0,2.44
446,Yerbogachen,RU,2022-05-15 20:44:58,61.2767,108.0108,47.786,58,12,1.33
447,Pappadatai,GR,2022-05-15 20:44:59,39.3133,20.7925,63.44599999999997,88,0,0.91
448,Mehamn,NO,2022-05-15 20:44:59,71.0357,27.8492,39.110000000000014,89,97,4.2
449,Ubinskoye,RU,2022-05-15 20:45:00,55.3068,79.6802,56.065999999999974,63,86,1.48
450,Half Moon Bay,US,2022-05-15 20:42:37,37.4636,-122.4286,77.54000000000002,74,100,11.32
451,Turukhansk,RU,2022-05-15 20:45:01,65.8167,87.9833,56.22800000000001,58,88,4.0
452,Bure,ET,2022-05-15 20:45:02,10.7,37.0667,67.09999999999997,55,76,0.93
453,Necochea,AR,2022-05-15 20:45:03,-38.5473,-58.7368,52.843999999999994,80,100,10.91
454,Ndioum,SN,2022-05-15 20:45:04,16.5129,-14.6471,100.18399999999991,9,66,4.37
455,Ciudad Bolivar,VE,2022-05-15 20:45:04,8.1222,-63.5497,91.00399999999996,48,100,4.87
456,Ilulissat,GL,2022-05-15 20:45:05,69.2167,-51.1,26.618000000000052,43,2,0.0
457,Komatipoort,ZA,2022-05-15 20:45:07,-25.4332,31.9548,63.1760000000001,95,6,2.05
458,Svobodnyy,RU,2022-05-15 20:45:07,51.4,128.1333,37.32800000000003,49,34,5.77
459,Raga,SS,2022-05-15 20:45:08,8.4596,25.678,71.88799999999998,92,100,1.28
460,Savannah Bight,HN,2022-05-15 20:45:09,16.45,-85.85,80.9600000000001,72,14,4.77
461,Talaya,RU,2022-05-15 20:46:09,61.3833,152.75,36.51800000000003,99,100,1.61
462,Rincon,US,2022-05-15 20:46:10,32.296,-81.2354,85.85599999999994,83,75,4.63
463,Cambrai,FR,2022-05-15 20:46:11,50.1667,3.4167,72.69800000000004,83,65,4.12
464,Dunedin,NZ,2022-05-15 20:41:15,-45.8742,170.5036,49.80200000000002,83,10,3.58
465,Kikwit,CD,2022-05-15 20:46:12,-5.041,18.8162,74.93,69,100,0.57
466,Gilgit,PK,2022-05-15 20:46:12,35.9221,74.3087,69.04400000000004,53,100,1.89
467,Miraflores,MX,2022-05-15 20:46:13,19.2167,-98.8083,80.02399999999994,13,24,3.85
468,Oktyabrskiy,RU,2022-05-15 20:46:14,54.4815,53.471,49.42399999999998,92,100,1.69
469,Port Blair,IN,2022-05-15 20:46:15,11.6667,92.75,82.04000000000002,81,100,4.45
470,Petropavlovsk-Kamchatskiy,RU,2022-05-15 20:46:15,53.0452,158.6483,36.19400000000002,100,100,6.0
471,Binzhou,CN,2022-05-15 20:46:16,37.3667,118.0167,56.47999999999996,36,20,4.01
472,Omboue,GA,2022-05-15 20:46:17,-1.5746,9.2618,78.368,93,100,3.02
473,Okitipupa,NG,2022-05-15 20:46:17,6.5047,4.7839,77.91800000000006,91,94,1.75
474,Rocha,UY,2022-05-15 20:46:18,-34.4833,-54.3333,50.50400000000002,62,4,5.14
475,Avera,US,2022-05-15 20:46:19,33.194,-82.5271,88.55599999999998,40,85,2.98
476,Boca Do Acre,BR,2022-05-15 20:46:19,-8.7522,-67.3978,80.69,94,100,0.39
477,Davila,PH,2022-05-15 20:46:20,18.4726,120.5763,81.15799999999996,80,99,1.79
478,Cockburn Town,TC,2022-05-15 20:46:21,21.4612,-71.1419,79.214,79,96,8.0
479,Biak,ID,2022-05-15 20:46:21,-0.9131,122.8766,76.82,88,48,0.3
480,Wanning,CN,2022-05-15 20:46:26,18.8003,110.3967,76.44199999999995,96,100,3.72
481,Sungaipenuh,ID,2022-05-15 20:46:27,-2.0833,101.3833,65.76800000000009,97,89,0.34
482,Aykhal,RU,2022-05-15 20:46:28,66.0,111.5,36.21199999999999,89,100,2.11
483,Filingue,NE,2022-05-15 20:46:28,14.3521,3.3168,91.18399999999991,33,48,5.96
484,Tabou,CI,2022-05-15 20:46:29,4.423,-7.3528,79.59199999999993,87,85,3.22
485,Bukachacha,RU,2022-05-15 20:46:30,52.9833,116.9167,38.083999999999946,68,9,1.35
486,Lakhdenpokhya,RU,2022-05-15 20:46:31,61.5198,30.1992,45.410000000000025,81,100,4.43
487,Anadyr,RU,2022-05-15 20:46:31,64.75,177.4833,43.30400000000003,70,0,2.0
488,Xuddur,SO,2022-05-15 20:46:32,4.1213,43.8894,75.95599999999996,71,96,5.11
489,Nandikotkur,IN,2022-05-15 20:46:33,15.8667,78.2667,87.11599999999993,64,95,3.95
490,Serenje,ZM,2022-05-15 20:46:34,-13.2325,30.2352,53.96000000000009,78,1,2.99
491,Garissa,KE,2022-05-15 20:46:34,-0.4536,39.6401,77.594,71,21,8.41
492,Lauchhammer,DE,2022-05-15 20:46:35,51.5,13.8,62.132000000000005,70,6,2.71
493,Fort Dodge,US,2022-05-15 20:42:55,42.4975,-94.168,77.12600000000003,27,75,5.14
494,Namibe,AO,2022-05-15 20:46:36,-15.1961,12.1522,71.16800000000006,66,1,3.35
495,Dicabisagan,PH,2022-05-15 20:46:37,17.0818,122.4157,79.48399999999998,82,99,2.25
496,Waiouru,NZ,2022-05-15 20:46:37,-39.4833,175.6667,53.67199999999997,98,100,3.36
497,Damietta,EG,2022-05-15 20:46:38,31.4165,31.8133,66.09199999999993,75,7,4.25
498,Strezhevoy,RU,2022-05-15 20:46:39,60.7333,77.5889,51.49400000000003,71,72,2.93
499,Chimore,BO,2022-05-15 20:46:39,-16.9833,-65.1333,65.73200000000003,99,100,0.41
500,Evensk,RU,2022-05-15 20:46:40,61.95,159.2333,38.31800000000004,90,90,5.7
501,Ossora,RU,2022-05-15 20:46:41,59.2353,163.0719,34.53800000000001,99,100,4.08
502,Zhigansk,RU,2022-05-15 20:46:42,66.7697,123.3711,23.936000000000035,84,100,6.7
503,Pahrump,US,2022-05-15 20:46:42,36.2083,-115.9839,96.512,2,76,3.58
504,Vychegodskiy,RU,2022-05-15 20:46:43,61.247,46.8984,44.61800000000005,97,100,1.22
505,Tibati,CM,2022-05-15 20:46:44,6.4667,12.6333,66.93800000000005,94,63,0.93
506,Vila Franca Do Campo,PT,2022-05-15 20:46:46,37.7167,-25.4333,64.20200000000006,84,85,11.44
507,Kumano,JP,2022-05-15 20:47:47,34.3442,132.5894,55.94,79,100,1.69
508,Oranjemund,NA,2022-05-15 20:47:48,-28.55,16.4333,67.98200000000003,34,1,1.43
509,Nago,JP,2022-05-15 20:47:49,26.5881,127.9761,65.24600000000004,91,100,5.55
510,Santa Isabel Do Rio Negro,BR,2022-05-15 20:47:49,-0.4139,-65.0192,81.82400000000001,80,100,1.47
511,Abalak,RU,2022-05-15 20:47:50,58.1286,68.5944,50.52199999999999,71,99,2.4
512,Benghazi,LY,2022-05-15 20:47:51,32.1167,20.0667,68.08999999999997,61,0,3.71
513,Benidorm,ES,2022-05-15 20:47:52,38.5382,-0.131,72.24799999999999,90,73,0.45
514,Lakes Entrance,AU,2022-05-15 20:47:52,-37.8811,147.981,50.162000000000035,76,55,3.66
515,Saint-Raymond,CA,2022-05-15 20:47:53,45.467,-73.6095,75.18199999999996,70,100,2.57
516,Firminopolis,BR,2022-05-15 20:47:54,-16.5819,-50.305,79.82600000000008,43,73,1.94
517,Hazorasp,UZ,2022-05-15 20:47:54,41.3194,61.0742,62.438000000000045,19,65,2.94
518,Jacqueville,CI,2022-05-15 20:47:55,5.2052,-4.4146,81.608,83,68,5.41
519,Natal,BR,2022-05-15 20:44:20,-5.795,-35.2094,82.61599999999993,83,40,3.09
520,Saint Anthony,US,2022-05-15 20:47:56,45.0205,-93.218,74.30000000000001,33,75,8.75
521,Vila,PT,2022-05-15 20:47:57,42.0304,-8.1588,52.68199999999996,96,38,2.89
522,Rorvik,NO,2022-05-15 20:47:58,64.8621,11.2373,42.78199999999998,75,40,6.17
523,Pozo Colorado,PY,2022-05-15 20:47:58,-23.4923,-58.7972,69.13399999999996,49,0,3.23
524,Znamenskoye,RU,2022-05-15 20:47:59,57.1281,73.8282,54.19400000000002,55,100,2.36
525,Mackenzie,CA,2022-05-15 20:48:00,55.2999,-123.1698,53.815999999999974,62,100,3.6
526,Channel-Port Aux Basques,CA,2022-05-15 20:48:00,47.5702,-59.1367,44.815999999999974,86,38,3.85
527,Sant Feliu De Guixols,ES,2022-05-15 20:48:01,41.7833,3.0333,67.91000000000003,51,98,5.26
528,Boyolangu,ID,2022-05-15 20:48:02,-8.1181,111.8935,76.15400000000005,91,27,1.2
529,Honningsvag,NO,2022-05-15 20:48:02,70.9821,25.9704,38.94799999999998,87,75,4.12
530,Ellensburg,US,2022-05-15 20:47:46,46.9965,-120.5479,68.30599999999998,61,40,2.57
531,West Plains,US,2022-05-15 20:48:03,36.7281,-91.8524,67.02800000000008,91,75,2.06
532,Lucea,JM,2022-05-15 20:48:04,18.451,-78.1736,82.25600000000003,70,79,2.31
533,Sambava,MG,2022-05-15 20:48:05,-14.2667,50.1667,71.20400000000001,78,0,4.69
534,Pak Phanang,TH,2022-05-15 20:48:06,8.3511,100.202,80.59999999999997,84,100,2.15
535,Westport,US,2022-05-15 20:48:06,41.1415,-73.3579,82.27399999999994,68,0,3.6
536,Cabo Rojo,PR,2022-05-15 20:48:07,18.0866,-67.1457,85.37000000000006,72,52,2.68
537,Misratah,LY,2022-05-15 20:48:08,32.3754,15.0925,71.54599999999999,58,3,4.76
538,Uyuni,BO,2022-05-15 20:47:15,-20.4597,-66.825,50.05400000000003,23,4,8.12
539,Marsala,IT,2022-05-15 20:48:09,37.7966,12.4352,64.34600000000006,72,20,2.57
540,Constitucion,CL,2022-05-15 20:48:09,-35.3333,-72.4167,58.49600000000004,57,100,2.68
541,Ketchikan,US,2022-05-15 20:48:10,55.3422,-131.6461,48.18199999999996,93,100,4.63
542,Tsumeb,NA,2022-05-15 20:48:11,-19.2333,17.7167,64.94,30,11,4.23
543,Sidi Bin Nur,TN,2022-05-15 20:48:11,35.5333,10.9167,71.51000000000005,64,94,4.74
544,Rosarito,MX,2022-05-15 20:48:12,32.3333,-117.0333,81.66199999999998,60,72,4.02
545,Rundu,NA,2022-05-15 20:48:13,-17.9333,19.7667,68.18,35,79,2.22
546,Bogorodskoye,RU,2022-05-15 20:48:14,56.55,37.8833,44.00599999999997,97,86,4.13
547,Witu,KE,2022-05-15 20:48:14,-2.3889,40.4382,77.16199999999998,81,15,5.58
548,Coracao De Jesus,BR,2022-05-15 20:48:15,-16.6853,-44.365,75.73999999999995,48,92,1.02
549,Lichinga,MZ,2022-05-15 20:48:16,-13.3128,35.2406,59.089999999999975,72,0,2.57
